# {"t_start": 1636384161.683755, "env_id": "FrozenLake-v0"} 
r,l,t
0.0,5,0.073013
0.0,4,0.109343
