# {"t_start": 1636384161.6861591, "env_id": "FrozenLake-v0"} 
r,l,t
0.0,5,0.070764
0.0,8,0.120389
0.0,2,0.12846
