# {"t_start": 1636384161.687449, "env_id": "FrozenLake-v0"} 
r,l,t
0.0,2,0.055233
0.0,6,0.099327
