# {"t_start": 1636384161.6912022, "env_id": "FrozenLake-v0"} 
r,l,t
0.0,11,0.108404
0.0,4,0.123693
