# {"t_start": 1636384161.693599, "env_id": "FrozenLake-v0"} 
r,l,t
0.0,5,0.063528
0.0,9,0.117343
