# {"t_start": 1636384161.6960819, "env_id": "FrozenLake-v0"} 
r,l,t
0.0,6,0.070701
0.0,2,0.090959
0.0,5,0.11079
0.0,2,0.119015
