# {"t_start": 1636384161.698514, "env_id": "FrozenLake-v0"} 
r,l,t
0.0,7,0.080897
0.0,3,0.098343
