# {"t_start": 1636384161.702535, "env_id": "FrozenLake-v0"} 
r,l,t
0.0,2,0.043231
0.0,8,0.095471
0.0,5,0.113867
