# {"t_start": 1636384161.704109, "env_id": "FrozenLake-v0"} 
r,l,t
0.0,2,0.041805
0.0,4,0.07268
0.0,2,0.086148
