# {"t_start": 1636384161.709611, "env_id": "FrozenLake-v0"} 
r,l,t
0.0,11,0.091476
0.0,4,0.107024
