# {"t_start": 1636384161.7151392, "env_id": "FrozenLake-v0"} 
r,l,t
0.0,8,0.075373
0.0,3,0.086099
