# {"t_start": 1636384161.725914, "env_id": "FrozenLake-v0"} 
r,l,t
0.0,8,0.064753
0.0,5,0.083257
