# {"t_start": 1636384161.728199, "env_id": "FrozenLake-v0"} 
r,l,t
0.0,8,0.062551
0.0,6,0.084782
0.0,2,0.091812
