# {"t_start": 1636384161.7305422, "env_id": "FrozenLake-v0"} 
r,l,t
0.0,4,0.02427
0.0,12,0.089598
